{
    "Logistic_Regression": {
        "accuracy": 0.861009608878062,
        "precision": 0.7579042457091237,
        "recall": 0.5250312891113892,
        "f1_score": 0.6203327171903882
    },
    "Random_Forest": {
        "accuracy": 0.9309784815265936,
        "precision": 0.9689655172413794,
        "recall": 0.7033792240300375,
        "f1_score": 0.8150833937635968
    }
}